{
    "AWSTemplateFormatVersion": "2010-09-09",
    "Parameters": {
      "paramScriptName": {
        "Type": "String",
        "Default": "AutoBot",
        "Description": "The name of the script that created the resources"
      },
      "paramProjectName": {
        "Type": "String",
        "Description": "The name of the project. Used in naming Resources"
      },
      "paramS3Bucket": {
        "Type": "String",
        "Description": "Part of the location of the Lambda code"
      },
      "paramS3Key": {
        "Type": "String",
        "Description": "Part of the location of the Lambda code"
      }
    },
    "Resources": {
        "LambdaPermission": {
            "Type": "AWS::Lambda::Permission",
            "Properties": {
                "Action": "lambda:invokeFunction",
                "FunctionName": {
                    "Fn::GetAtt": [
                        "Lambda",
                        "Arn"
                    ]
                },
                "Principal": "apigateway.amazonaws.com",
                "SourceArn": {
                    "Fn::Join": [
                        "",
                        [
                            "arn:aws:execute-api:",
                            {
                                "Ref": "AWS::Region"
                            },
                            ":",
                            {
                                "Ref": "AWS::AccountId"
                            },
                            ":",
                            {
                                "Ref": "Api"
                            },
                            "/*"
                        ]
                    ]
                }
            }
        },
        "LambdaCloudwatchRole": {
            "Type": "AWS::IAM::Role",
            "Properties": {
                "AssumeRolePolicyDocument": {
                    "Version": "2012-10-17",
                    "Statement": [
                        {
                            "Effect": "Allow",
                            "Principal": {
                                "Service": [
                                    "lambda.amazonaws.com"
                                ]
                            },
                            "Action": [
                                "sts:AssumeRole"
                            ]
                        }
                    ]
                },
                "Path": "/",
                "Policies": [
                    {
                        "PolicyName": "LambdaLogsPolicy",
                        "PolicyDocument": {
                            "Version": "2012-10-17",
                            "Statement": [
                                {
                                    "Effect": "Allow",
                                    "Action": [
                                        "logs:*"
                                    ],
                                    "Resource": "arn:aws:logs:*:*:*"
                                }
                            ]
                        }
                    }
                ]
            }
        },
        "Lambda": {
            "Type": "AWS::Lambda::Function",
            "Properties": {
                "Code": {
                    "S3Bucket": {"Ref":"paramS3Bucket"},
                    "S3Key": {"Ref":"paramS3Key"}
                },
                "Handler": "index.handler",
                "Role": {"Fn::GetAtt": ["LambdaCloudwatchRole", "Arn"]},
                "Runtime": "python2.7",
                "Description": {
                    "Fn::Join": [
                        "",
                        [
                            "Created by ",
                            {
                                "Ref": "paramScriptName"
                            }
                        ]
                    ]
                }
            }
        }
    },
    "Outputs": {
        "LambdaOutput": {
            "Description": "Lambda Function Name",
            "Value": {"Fn::GetAtt": ["Lambda", "Arn"]}
        }
    }
}
